FirstName,LastName,Class,Email
Brian,Kiprop,Form 1A,brian.kiprop@example.com
Faith,Chebet,Form 1A,faith.chebet@example.com
Dennis,Otieno,Form 2E,dennis.otieno@example.com
Grace,Wanjiru,Form 2E,grace.wanjiru@example.com
Kevin,Musembi,Form 3W,kevin.musembi@example.com
Mercy,Achieng,Form 3W,mercy.achieng@example.com
Peter,Njoroge,Form 4E,peter.njoroge@example.com
Ann,Moraa,Form 4E,ann.moraa@example.com
Samuel,Karanja,Form 1B,samuel.karanja@example.com
Lucy,Nyambura,Form 1B,lucy.nyambura@example.com
John,Kimani,Form 2W,john.kimani@example.com
Esther,Mutiso,Form 2W,esther.mutiso@example.com
